PlayerID,Name,Age,Team,Position,Games,GamesStarted,MinutesPerGame,PointsPerGame,ReboundsPerGame,AssistsPerGame,StealsPerGame,BlocksPerGame,FG3MadePerGame,FG3AttemptsPerGame,FG3Pct,FTPct,TurnoversPerGame,PersonalFoulsPerGame
PLR-0001,Evan Kornher,19,SAS,SF,79,62,34.6,16.7,4.4,2.3,1.3,0.6,1.6,3,53.3,58.0,3.1,2.7
PLR-0002,Clint Ebiere,32,OKC,SF,69,41,35.0,17.2,4.6,4.3,0.9,0.5,3.0,8,37.5,100.0,2.9,3.9
PLR-0003,Cason James,37,PHI,PF,74,60,30.7,17.1,11.0,1.4,0.8,0.8,2.2,5,44.0,51.2,2.3,2.8
PLR-0004,Pascal Holmgren,27,NOP,SF,77,66,36.8,14.7,5.3,3.4,1.5,0.7,3.4,11,30.9,57.0,4.0,1.9
PLR-0005,Jericho Cunningham,38,NOP,SF,79,73,16.3,20.3,4.3,3.1,1.5,0.7,3.7,6,61.7,76.7,2.7,1.2
PLR-0006,Nikola Ebiere,25,BOS,C,59,47,18.0,20.6,12.1,2.4,0.5,2.3,0.7,11,6.4,58.0,2.2,2.8
PLR-0007,Cade Antetokounmpo,21,PHI,C,72,53,29.0,13.3,12.0,1.4,0.4,2.9,0.4,10,4.0,57.8,1.7,1.3
PLR-0008,Jalen Hernangomez,35,PHI,SG,82,70,30.6,15.0,3.5,5.4,0.6,0.0,2.9,9,32.2,70.0,1.1,1.2
PLR-0009,Jalen Reves,35,MIL,PG,58,49,18.5,22.7,5.2,13.5,0.7,0.4,3.4,4,85.0,45.0,3.1,3.2
PLR-0010,Evan Bridges,32,CLE,SF,79,50,23.2,13.7,5.0,2.4,1.5,0.4,2.9,9,32.2,76.7,4.1,3.7
PLR-0011,Kyrie Caruso,20,SAS,SF,71,41,29.4,16.2,4.7,2.3,1.3,0.7,3.4,12,28.3,100.0,4.4,3.4
PLR-0012,Jaren Walker,24,UTA,PG,62,43,25.9,18.1,3.2,9.8,0.8,0.5,2.1,6,35.0,44.0,2.0,1.2
PLR-0013,Domantas Walker,25,POR,SF,57,40,35.5,19.5,6.8,4.8,1.2,0.6,2.8,7,40.0,41.2,3.4,2.7
PLR-0014,Omer Banchi,36,PHI,PG,66,38,20.1,16.9,3.8,12.3,1.4,0.2,2.8,6,46.7,75.0,2.0,3.0
PLR-0015,Anthony Henderson,20,MIN,SG,51,45,24.1,31.7,3.8,5.1,1.1,0.4,4.0,9,44.4,40.0,3.4,3.7
PLR-0016,Jalen Marjon,35,MEM,PF,49,32,13.6,20.8,7.4,1.2,0.7,0.5,1.0,11,9.1,70.0,3.4,3.1
PLR-0017,Kyrie Dort,24,GSW,PF,65,41,31.6,24.9,10.9,2.6,1.1,0.7,2.2,4,55.0,100.0,1.6,1.8
PLR-0018,Jarrett Hernangomez,21,MIA,PF,53,38,30.2,12.3,8.7,4.0,0.7,0.8,2.5,3,83.3,54.0,1.1,1.5
PLR-0019,KZ Kornher,20,OKC,SF,72,47,33.0,21.0,6.0,2.2,1.3,0.3,1.8,10,18.0,64.3,3.9,3.1
PLR-0020,Jalen Mason,32,GSW,C,76,52,34.9,13.8,13.1,2.7,0.3,2.8,0.9,10,9.0,41.2,2.7,2.0
PLR-0021,Trae Bridges,19,MIN,C,64,55,20.9,23.3,8.5,2.4,0.5,2.5,0.7,10,7.0,100.0,1.8,3.1
PLR-0022,Trae Butler,,UTA,C,56,56,13.7,11.8,8.3,1.1,0.4,2.9,0.2,10,2.0,100.0,2.6,2.3
PLR-0023,LaMelo Williams,20,NYK,SG,64,61,28.1,16.7,3.7,3.2,1.8,0.0,4.3,12,35.8,84.0,2.3,3.7
PLR-0024,Jalen Ebiere,25,NYK,SG,74,46,29.2,18.8,2.2,3.0,1.2,0.1,3.9,12,32.5,100.0,3.5,3.1
PLR-0025,Jordan Young,29,CHA,C,56,44,24.2,13.5,8.5,2.9,0.7,2.2,0.9,7,12.9,97.5,3.3,3.7
PLR-0026,Jericho Gordon,22,MIA,SG,77,73,22.7,19.9,4.1,3.2,1.7,0.3,2.8,10,28.0,43.3,4.4,2.2
PLR-0027,Clint Butler,34,MIA,PF,71,43,36.6,22.6,7.0,2.6,1.1,0.6,0.9,4,22.5,90.0,2.1,1.0
PLR-0028,Scottie Kornher,28,UTA,C,71,51,12.1,19.9,10.5,2.0,0.5,1.9,1.4,6,23.3,50.0,1.5,1.2
PLR-0029,Immanuel Dort,37,LAL,PF,47,27,37.7,24.1,8.2,2.5,0.7,0.8,2.7,8,33.8,80.0,1.8,3.3
PLR-0030,Joel LaPonte,29,DAL,C,51,45,30.0,15.3,9.9,2.4,0.7,2.7,0.4,4,10.0,100.0,3.6,2.3
PLR-0031,Jalen Marjon,20,GSW,SF,54,31,29.3,18.4,5.3,2.7,1.1,0.6,1.7,5,34.0,56.2,1.8,3.7
PLR-0032,Jarrett Jones,28,PHX,C,60,42,19.7,12.2,10.7,1.7,0.6,2.3,0.7,7,10.0,46.7,2.3,2.4
PLR-0033,Jabari Clark,27,PHI,PG,61,52,33.8,21.1,5.7,12.0,0.6,0.3,3.4,7,48.6,56.0,2.2,2.9
PLR-0034,Shai Diabate,20,ORB,SF,77,76,33.4,24.8,4.1,3.1,0.9,0.8,1.9,9,21.1,100.0,4.1,2.1
PLR-0035,Paul Young,30,CHI,PG,53,24,14.5,22.8,4.9,11.0,1.9,0.2,3.1,4,77.5,41.1,2.1,2.2
PLR-0036,Tyrese Tucker,33,CHI,SF,68,44,37.5,23.1,6.2,4.8,1.1,0.7,3.1,9,34.4,50.0,4.3,1.8
PLR-0037,Omer Bridges,30,DEN,PG,81,57,27.2,18.4,3.8,7.0,1.8,0.2,3.9,12,32.5,100.0,1.9,1.4
PLR-0038,Aaron Caruso,23,MIN,C,56,34,15.0,10.0,13.2,1.3,0.4,1.5,0.2,3,6.7,74.3,1.8,2.0
PLR-0039,Tyler Jokic,30,BKN,C,51,36,14.1,18.3,10.7,1.4,0.6,2.5,0.5,11,4.5,100.0,2.7,2.2
PLR-0040,Bam Caruso,27,IND,C,58,41,33.5,18.9,11.3,1.7,0.8,2.1,0.6,12,5.0,100.0,3.3,3.3
PLR-0041,Cason Mason,29,PHI,PF,48,36,15.2,16.4,7.3,3.9,1.0,0.6,1.0,4,25.0,100.0,2.3,1.4
PLR-0042,Cason McDaniels,32,OKC,PG,81,58,29.5,27.5,5.4,8.8,1.4,0.1,3.6,6,60.0,50.0,2.3,3.3
PLR-0043,Cade Mason,27,DAL,PG,78,54,21.6,14.9,5.8,8.5,1.0,0.0,3.1,12,25.8,46.7,3.2,1.1
PLR-0044,Yves Walker,37,NYK,C,67,50,24.7,11.2,8.3,1.3,0.6,2.3,0.7,9,7.8,41.1,1.8,2.5
PLR-0045,Pascal Doncic,32,MEM,PG,74,70,34.0,19.4,3.3,8.5,1.1,0.2,1.8,7,25.7,100.0,1.6,3.8
PLR-0046,Jalen Lowry,35,DAL,PG,54,31,27.7,18.3,4.2,8.7,1.0,0.1,2.8,4,70.0,74.0,2.2,3.2
PLR-0047,Goga Ebiere,22,ORL,SF,66,57,20.7,27.7,4.3,3.9,0.8,0.7,2.8,11,25.5,87.5,4.2,2.2
PLR-0048,KZ Mason,31,UTA,SF,50,29,15.3,16.8,6.6,4.9,1.2,0.4,3.8,5,76.0,98.3,3.4,2.2
PLR-0049,Tyler Azubuike,38,NOP,SG,63,57,18.2,24.8,2.5,2.7,1.4,0.2,2.6,10,26.0,55.7,1.8,2.3
PLR-0050,Joel Collins,25,WAS,SF,75,72,15.2,23.2,5.7,3.3,1.3,0.7,3.9,9,43.3,100.0,1.5,1.8
PLR-0051,KZ Mason,33,SAS,C,68,45,15.8,25.5,10.6,2.9,0.4,1.9,0.6,3,20.0,50.0,1.8,4.0
PLR-0052,Jordan Chiozza,31,DAL,PF,47,28,33.6,12.6,7.9,2.1,1.0,0.5,2.4,6,40.0,100.0,3.6,2.0
PLR-0053,Omer Chiozza,34,DEN,SG,79,64,19.4,28.6,2.2,5.1,1.1,0.1,5.2,6,86.7,68.6,2.8,4.0
PLR-0054,Jaren Tucker,22,MIN,PG,48,20,32.8,17.2,4.2,9.6,1.6,0.1,1.6,10,16.0,40.0,2.5,2.9
PLR-0055,Pascal Giddey,23,IND,C,49,37,28.9,19.5,10.6,1.3,0.4,2.3,0.0,12,0.0,100.0,4.3,2.1
PLR-0056,Jarrett Tucker,21,MIA,C,76,46,32.9,17.6,13.3,2.7,0.7,2.9,0.8,8,10.0,100.0,3.8,1.7
PLR-0057,Jabari Bridges,21,ORL,PG,67,41,27.3,16.9,7.0,11.8,1.3,0.4,1.8,4,45.0,41.4,2.6,3.0
PLR-0058,Jalen Doncic,35,MIN,PG,53,43,28.7,25.3,5.1,8.4,0.7,0.5,3.7,11,33.6,60.0,3.2,2.7
PLR-0059,Jalen Jones,24,ORL,C,46,31,36.9,20.1,11.6,2.7,0.6,2.7,1.4,3,46.7,76.7,3.7,2.2
PLR-0060,Cason Embiid,31,IND,SF,53,47,18.3,19.8,6.1,2.5,1.1,0.5,2.3,5,46.0,70.0,4.0,3.9
PLR-0061,Damian Tucker,26,NOP,SG,70,51,19.5,47.6,2.1,3.1,1.3,0.3,4.1,7,58.6,100.0,4.1,3.2
PLR-0062,Mason Cunningham,36,MIN,SF,77,48,23.9,51.5,5.9,3.8,0.9,0.3,2.9,8,36.2,71.4,1.7,2.5
PLR-0063,Goga Henderson,29,ORL,C,52,35,12.7,14.5,10.4,2.2,0.7,2.2,0.8,11,7.3,65.0,1.1,2.0
PLR-0064,Devin Caruso,37,PHX,C,46,30,17.3,13.2,8.3,2.0,0.6,2.4,0.2,9,2.2,42.0,4.3,1.3
PLR-0065,LeBron Bridges,36,ORB,SF,51,42,16.1,27.0,6.1,2.4,1.2,0.6,2.1,11,19.1,44.0,2.4,3.2
PLR-0066,Clint Giddey,34,SAS,PF,56,55,24.9,21.1,9.8,1.9,0.7,0.3,1.3,12,10.8,100.0,1.6,3.6
PLR-0067,,28,GSW,PG,52,32,30.7,12.1,5.3,6.9,2.0,0.1,2.8,11,25.5,90.0,2.6,1.6
PLR-0068,Tyrese LaPonte,28,SAC,C,60,30,18.9,19.4,9.2,2.2,0.6,1.8,0.1,8,1.2,90.0,1.5,2.0
PLR-0069,Jayson Cunningham,37,CLE,PG,68,57,23.8,16.2,4.4,7.9,1.5,0.2,3.8,11,34.5,51.7,3.2,3.8
PLR-0070,Scottie Lowry,36,NYK,PF,48,44,26.0,22.6,10.0,3.5,1.0,0.8,2.0,4,50.0,45.0,1.3,2.7
PLR-0071,Jericho Gordon,21,CLE,C,69,51,29.0,23.9,13.6,1.1,0.8,1.1,1.1,5,22.0,43.8,4.1,2.3
PLR-0072,Tari Butler,36,BOS,PF,62,38,33.0,19.4,9.6,1.7,0.5,0.3,1.7,11,15.5,61.3,1.9,2.0
PLR-0073,Bam Washington,19,IND,SG,53,39,27.0,17.7,2.3,2.1,1.3,0.3,3.0,3,100.0,68.0,3.6,3.3
PLR-0074,Domantas Collins,26,IND,SF,67,67,30.1,26.1,7.0,3.6,1.1,0.4,3.7,12,30.8,100.0,2.5,2.5
PLR-0075,Tyler Tucker,24,CHA,C,58,38,25.9,16.6,13.1,1.6,0.7,2.6,0.6,11,5.5,52.5,1.5,1.7
PLR-0076,Aaron Cunningham,31,ORB,C,57,57,18.3,18.4,13.2,1.4,0.7,2.4,0.3,10,3.0,45.7,4.2,1.6
PLR-0077,Stephen Diabate,26,NOP,C,65,48,36.3,29.6,9.7,1.9,0.6,1.6,0.7,10,7.0,55.6,2.1,1.6
PLR-0078,Shai Tatum,23,POR,SG,55,48,26.2,19.9,3.1,5.3,1.1,0.3,4.8,7,68.6,54.4,3.2,2.5
PLR-0079,,20,NOP,C,75,66,22.7,10.5,13.1,2.9,0.6,2.5,0.1,6,1.7,50.0,2.8,2.1
PLR-0080,Pascal Giddey,36,MIA,SF,62,57,26.7,13.3,6.4,4.0,1.4,0.8,2.8,4,70.0,56.0,2.8,3.4
PLR-0081,Kyrie Dort,27,SAC,C,69,60,31.2,17.9,8.2,2.9,0.5,2.9,1.4,9,15.6,43.3,1.8,3.5
PLR-0082,Cason Dort,21,MEM,C,73,58,16.8,20.4,10.1,1.2,0.4,1.2,1.4,12,11.7,73.8,2.1,2.9
PLR-0083,Anthony Wembanyama,38,MIA,SF,62,35,26.5,25.0,6.1,2.2,0.9,0.7,2.3,9,25.6,80.0,4.3,2.3
PLR-0084,Jayson Kornher,21,HOU,SF,55,46,19.0,21.3,5.8,4.4,1.4,0.3,3.3,4,82.5,56.0,4.4,2.7
PLR-0085,Tyler Mason,27,MEM,PF,69,64,33.2,16.2,9.9,2.1,1.2,0.8,1.2,12,10.0,83.3,1.0,2.2
PLR-0086,Pascal Butler,23,ORB,SF,62,58,26.7,17.8,6.8,2.6,1.0,0.8,3.3,7,47.1,65.6,3.7,2.0
PLR-0087,Tyler Ferguson,36,MIL,PG,72,67,27.1,27.2,4.8,11.7,1.2,0.1,3.2,9,35.6,72.5,1.8,3.0
PLR-0088,Tari Booker,35,LAC,C,50,23,20.1,17.8,12.1,1.4,0.5,1.9,0.2,11,1.8,100.0,2.0,3.8
PLR-0089,Shai Mason,34,NOP,SF,60,46,23.1,20.1,5.3,4.1,1.0,0.5,1.6,4,40.0,65.7,3.4,1.5
PLR-0090,Jalen Alexander,24,LAC,SG,49,37,20.5,25.5,3.3,2.1,1.3,0.1,2.5,9,27.8,44.0,3.6,3.4
PLR-0091,Jimmy Alexander,34,LAC,C,65,38,30.0,23.5,9.9,1.8,0.5,1.2,0.9,10,9.0,95.0,3.1,3.0
PLR-0092,LeBron Young,23,CLE,C,48,45,17.1,15.4,9.1,2.3,0.6,2.3,0.3,11,2.7,43.3,2.1,2.4
PLR-0093,Dejounte Bridges,34,MIN,PF,81,74,14.9,21.6,8.1,3.5,0.8,0.4,1.4,6,23.3,46.7,2.0,3.3
PLR-0094,Jabari Banchi,30,DEN,C,73,70,33.1,21.5,8.2,2.4,0.6,3.0,0.4,6,6.7,100.0,2.2,3.5
PLR-0095,Yves Embiid,38,CLE,PF,62,62,37.0,14.3,6.7,1.6,0.6,0.3,2.1,7,30.0,77.5,3.5,1.9
PLR-0096,Paolo Henderson,27,ORB,SG,50,32,34.8,26.6,2.4,2.6,0.9,0.1,4.0,9,44.4,61.7,2.3,1.2
PLR-0097,Jordan Butler,24,WAS,PG,45,15,23.0,18.3,4.2,11.6,0.9,0.3,2.0,3,66.7,46.7,1.8,3.0
PLR-0098,Stephen Clark,33,BKN,SG,63,57,19.8,15.6,2.3,5.0,1.3,0.2,4.9,8,61.3,50.0,1.3,2.7
PLR-0099,Yves Alexander,31,SAC,SF,81,64,24.2,22.7,6.4,4.4,1.0,0.5,1.7,12,14.2,100.0,4.3,1.4
PLR-0100,Jericho Alexander,36,CHI,SF,48,27,12.3,18.9,5.9,4.5,1.3,0.3,1.6,6,26.7,100.0,1.4,2.8
PLR-0101,Immanuel Washington,,ORL,PF,62,48,14.0,25.3,8.6,3.3,1.0,0.4,2.4,7,34.3,100.0,1.1,3.4
PLR-0102,Kevin Bridges,34,SAS,C,54,29,35.8,12.3,8.9,2.5,0.7,2.3,0.0,11,0.0,100.0,2.7,2.1
PLR-0103,,29,CHA,SG,74,71,26.4,21.5,4.2,3.1,0.6,0.1,3.0,3,100.0,49.0,4.3,1.2
PLR-0104,Maxi James,37,IND,SF,79,60,12.0,24.1,4.7,3.1,1.5,0.8,3.4,11,30.9,52.0,4.3,1.1
PLR-0105,Luka Korban,28,CHI,PG,68,52,25.1,15.3,6.9,9.4,1.9,0.5,1.7,7,24.3,74.0,2.8,3.1
PLR-0106,Evan Embiid,37,CLE,C,57,31,14.7,10.9,12.0,1.3,0.4,2.7,1.1,9,12.2,47.1,2.0,1.2
PLR-0107,Scottie Antetokounmpo,22,PHI,C,60,60,19.8,15.0,12.6,1.9,0.5,2.7,1.2,7,17.1,100.0,4.0,1.4
PLR-0108,Jordan Jokic,31,ATL,PF,50,38,37.9,19.8,8.8,1.3,0.6,0.9,2.6,3,86.7,50.0,3.9,2.1
PLR-0109,Tyrese Kornher,37,NOP,C,55,28,33.2,14.5,9.6,1.1,0.6,1.1,0.1,7,1.4,45.6,3.7,4.0
PLR-0110,Damian Young,26,NOP,C,81,69,20.0,21.9,12.8,1.7,0.7,2.7,0.5,12,4.2,81.4,1.1,3.1
PLR-0111,Jordan Alexander,31,LAL,C,67,44,20.0,11.4,9.8,1.3,0.4,2.9,1.0,10,10.0,100.0,3.0,3.7
PLR-0112,Shai Ebiere,19,BKN,C,60,41,37.0,15.5,14.0,2.9,0.3,2.2,0.3,12,2.5,100.0,1.5,3.2
PLR-0113,Joel Cunningham,29,SAS,PF,69,50,34.5,12.2,7.0,3.1,0.7,0.9,1.6,3,53.3,67.5,4.1,2.5
PLR-0114,Isaac Cunningham,24,PHX,PF,50,30,12.8,13.0,10.2,1.9,0.7,1.0,2.8,5,56.0,100.0,2.9,3.7
PLR-0115,Giannis Tucker,32,ATL,SG,80,76,23.1,15.0,3.0,5.9,1.0,0.2,3.3,11,30.0,41.7,1.3,2.2
PLR-0116,Domantas Tucker,38,DAL,PF,79,61,23.6,14.8,6.1,1.5,0.7,0.4,2.5,7,35.7,41.1,3.3,1.3
PLR-0117,Trae Washington,26,BKN,SF,71,71,18.1,21.5,4.5,4.1,0.9,0.6,3.9,9,43.3,84.0,3.9,3.5
PLR-0118,LaMelo Lowry,20,UTA,C,72,44,28.3,18.0,11.1,2.1,0.8,1.3,0.3,10,3.0,100.0,3.8,1.4
PLR-0119,Jordan Caruso,28,POR,SF,57,41,24.6,25.6,6.6,4.1,1.5,0.4,3.4,10,34.0,44.3,2.5,2.9
PLR-0120,Pascal Lowry,20,GSW,C,47,31,21.6,21.1,8.4,2.4,0.5,2.6,0.0,12,0.0,100.0,1.7,1.2
PLR-0121,Jarrett Hernangomez,22,WAS,PG,69,40,17.8,15.9,5.0,9.6,1.9,0.2,1.9,8,23.8,53.3,3.4,1.9
PLR-0122,Klay Marjon,32,GSW,C,62,45,17.7,10.3,12.7,2.5,0.3,2.8,1.2,12,10.0,60.0,3.8,1.9
PLR-0123,Paolo Diabate,38,ORL,PF,62,52,30.5,20.2,6.0,4.0,1.2,0.9,2.1,12,17.5,73.3,2.7,2.0
PLR-0124,Immanuel Azubuike,23,PHI,C,69,62,25.9,37.4,13.4,2.6,0.7,2.2,1.1,5,22.0,66.7,1.9,2.3
PLR-0125,Klay Azubuike,30,POR,C,66,56,34.7,14.2,9.0,2.3,0.6,1.6,1.1,7,15.7,51.0,1.6,3.0
PLR-0126,Devin Tatum,30,DEN,SF,64,47,20.9,21.8,5.4,2.4,0.8,0.6,1.7,12,14.2,80.0,4.0,2.1
PLR-0127,Mason Giddey,28,ATL,SG,57,32,17.9,15.2,2.1,5.8,1.1,0.2,5.2,9,57.8,67.5,4.2,2.1
PLR-0128,Jimmy Bridges,19,GSW,C,52,35,24.3,17.1,8.7,2.4,0.7,1.8,0.9,11,8.2,100.0,3.3,1.1
PLR-0129,Buddy Lowry,19,LAC,SF,57,51,30.3,19.3,4.3,3.6,1.2,0.7,2.8,4,70.0,100.0,3.7,2.5
PLR-0130,Bam Marjon,34,HOU,SG,51,49,18.9,26.4,3.4,2.9,0.5,0.0,4.5,12,37.5,100.0,3.7,1.2
PLR-0131,Pascal Mason,20,DAL,SF,62,60,15.0,18.4,6.0,3.3,0.9,0.7,3.0,3,100.0,82.5,4.1,3.9
PLR-0132,Stephen Walker,31,BKN,PF,69,63,33.8,23.2,9.2,3.4,0.6,0.8,1.0,5,20.0,53.3,3.4,1.5
PLR-0133,Joel Wembanyama,34,PHI,PG,78,70,30.9,26.2,4.8,6.5,1.5,0.0,3.4,11,30.9,78.0,3.3,2.0
PLR-0134,Cason Chiozza,31,LAL,SG,62,33,22.5,29.1,3.7,6.0,0.6,0.3,5.1,10,51.0,45.0,2.7,1.7
PLR-0135,Tyler Marjon,32,PHI,PG,82,55,27.3,16.1,3.8,7.0,1.8,0.1,3.3,6,55.0,100.0,1.2,2.9
PLR-0136,Victor Ferguson,19,ORB,C,65,51,30.0,20.3,11.3,1.9,0.6,2.8,1.0,5,20.0,100.0,1.4,2.2
PLR-0137,Yves Tatum,29,PHX,SF,63,54,28.9,19.8,4.4,3.2,1.3,0.7,3.7,11,33.6,45.0,1.7,2.9
PLR-0138,Damian Kornher,29,SAC,PG,54,25,32.4,24.2,5.2,10.7,1.9,0.4,2.2,11,20.0,42.5,2.8,1.1
PLR-0139,Yves Jokic,29,DAL,C,57,36,37.0,10.8,12.5,1.4,0.7,2.7,1.4,6,23.3,71.4,2.9,2.8
PLR-0140,Cason Okogie,20,CHA,PF,64,49,32.4,15.9,7.3,1.5,1.1,0.3,0.9,5,18.0,58.6,3.7,2.9
PLR-0141,Jordan Chiozza,24,ATL,C,78,63,15.0,11.0,11.0,1.8,0.6,1.2,1.0,6,16.7,48.6,1.8,3.3
PLR-0142,Nikola Walker,35,CLE,PG,72,62,12.6,27.2,3.7,13.7,1.3,0.0,3.7,6,61.7,43.8,1.7,3.5
PLR-0143,Joel Jones,37,OKC,PG,53,44,13.8,25.6,6.7,14.0,1.2,0.3,2.1,4,52.5,64.0,2.7,2.0
PLR-0144,Yves Mason,29,BKN,C,62,58,24.5,19.2,12.2,1.3,0.6,2.6,0.0,5,0.0,100.0,3.5,2.9
PLR-0145,Jaren Korban,34,DEN,C,46,42,35.6,11.5,11.9,1.2,0.4,2.7,0.4,6,6.7,100.0,4.1,3.5
PLR-0146,Bam Collins,20,LAL,SF,78,56,21.2,14.5,6.9,3.9,1.0,0.7,1.9,12,15.8,43.8,3.3,3.5
PLR-0147,Jimmy Cunningham,34,PHI,C,71,66,24.4,10.1,13.3,1.9,0.4,2.0,0.3,5,6.0,62.9,3.9,3.0
PLR-0148,Donovan LaPonte,32,OKC,PG,81,71,37.8,15.9,8.6,10.7,0.7,0.3,1.6,5,32.0,63.3,2.8,2.2
PLR-0149,Scottie Walker,32,MEM,C,57,43,33.5,12.0,11.5,2.5,0.6,2.0,1.4,8,17.5,96.7,2.3,1.3
PLR-0150,Kevin Henderson,38,MIN,C,78,61,23.2,10.5,12.7,2.0,0.4,2.0,0.8,12,6.7,100.0,3.7,2.9
PLR-0151,Goga James,31,NYK,SF,57,27,25.6,21.8,6.2,4.3,1.3,0.3,3.4,10,34.0,100.0,4.1,2.2
PLR-0152,Anthony Tucker,25,NOP,SF,80,75,26.4,19.1,4.3,3.3,1.2,0.4,2.4,12,20.0,100.0,2.4,1.6
PLR-0153,Buddy James,28,POR,SG,70,52,30.3,14.6,3.8,4.1,0.8,0.1,4.5,6,75.0,45.0,2.0,2.2
PLR-0154,Mason Reves,36,GSW,C,63,43,34.8,14.9,13.8,1.6,0.6,1.4,0.0,12,0.0,90.0,1.4,1.2
PLR-0155,Tyrese Banchi,19,WAS,SF,57,42,18.9,16.7,4.3,4.0,1.4,0.3,2.3,10,23.0,100.0,1.9,3.8
PLR-0156,Evan Embiid,23,IND,PG,45,36,21.4,20.4,4.7,13.5,0.5,0.2,2.6,5,52.0,100.0,2.6,3.1
PLR-0157,Maxi Holmgren,31,BOS,SG,81,52,17.6,16.6,4.9,2.6,1.5,0.1,4.1,11,37.3,60.0,2.1,2.7
PLR-0158,Scottie Young,22,SAC,PF,63,44,31.1,22.4,7.3,2.1,0.9,0.9,1.1,9,12.2,80.0,3.3,2.6
PLR-0159,KZ Giddey,28,GSW,PF,63,55,35.1,20.8,6.7,1.5,1.1,0.5,1.7,12,14.2,76.7,2.2,1.9
PLR-0160,Maxi Gordon,31,DAL,SF,62,49,27.4,16.4,6.2,3.3,0.9,0.6,3.0,3,100.0,78.6,2.6,3.6
PLR-0161,Jalen Doncic,34,MEM,SF,69,65,28.3,13.1,5.3,2.9,1.0,0.3,3.7,9,41.1,45.0,1.6,3.2
PLR-0162,Stephen Alexander,38,CHI,SF,57,37,19.3,37.7,6.2,4.4,1.1,0.7,1.8,7,25.7,50.0,2.0,2.9
PLR-0163,Nikola Gordon,19,MIL,SG,48,26,16.7,15.6,2.0,2.9,1.0,0.3,3.9,8,48.8,100.0,4.0,3.9
PLR-0164,Saddiq Adams,31,POR,PG,64,63,36.4,14.0,6.1,8.0,1.7,0.2,2.0,3,66.7,86.7,4.4,2.4
PLR-0165,Trae Henderson,28,OKC,SG,47,35,16.0,20.5,2.2,4.7,1.8,0.1,3.0,3,100.0,58.3,2.4,1.7
PLR-0166,Tari Lowry,34,ATL,PG,67,62,29.9,23.0,4.4,13.8,1.6,0.0,3.3,5,66.0,46.7,1.8,3.9
PLR-0167,Tyler Jones,20,UTA,PF,55,27,18.8,21.9,8.8,2.6,0.8,0.7,2.4,8,30.0,83.3,3.1,3.6
PLR-0168,Draymond Caruso,,ORL,C,80,54,20.4,15.3,9.1,1.0,0.7,2.6,1.0,4,25.0,53.0,1.7,3.0
PLR-0169,Buddy Embiid,21,CHI,PF,49,49,30.9,23.2,6.3,2.7,1.2,0.6,2.6,3,86.7,65.0,3.6,3.5
PLR-0170,Kyrie Clark,35,DAL,SG,56,43,25.9,24.3,4.8,4.2,1.2,0.3,3.6,12,30.0,44.4,2.5,1.3
PLR-0171,Cade Okogie,38,CLE,PG,81,55,15.6,20.3,7.0,8.4,1.0,0.1,3.0,3,100.0,63.3,2.8,2.7
PLR-0172,Giannis Mason,26,LAC,SF,81,63,34.9,25.2,4.3,3.2,1.4,0.7,1.9,10,19.0,100.0,2.1,3.2
PLR-0173,Dejounte Giddey,26,ORL,PF,53,38,26.9,16.1,8.0,1.4,0.6,0.7,1.4,9,15.6,47.5,3.7,1.4
PLR-0174,LeBron Jokic,34,LAL,C,48,32,29.2,20.2,8.8,2.4,0.3,2.2,0.4,3,13.3,100.0,3.8,2.9
PLR-0175,Immanuel Curry,30,BOS,PG,77,77,18.4,12.3,6.5,11.2,0.8,0.2,3.8,4,95.0,40.0,2.9,1.6
PLR-0176,Paolo Azubuike,31,CLE,SG,46,46,20.9,14.3,4.1,3.4,0.9,0.4,4.9,7,70.0,76.7,4.1,3.4
PLR-0177,Damian Tatum,31,HOU,C,82,69,29.9,23.4,11.7,2.3,0.4,1.5,1.4,7,20.0,54.3,1.5,3.0
PLR-0178,Tyler Ebiere,32,ORB,SG,71,71,31.2,25.8,3.7,2.6,0.6,0.2,3.5,5,70.0,100.0,3.7,3.6
PLR-0179,Cade Banchi,26,MEM,PG,76,68,22.5,18.5,6.9,13.4,1.9,0.1,3.4,6,56.7,50.0,4.3,2.3
PLR-0180,Aaron Adams,31,NOP,SF,60,46,22.1,18.9,6.8,3.7,1.2,0.6,2.8,3,93.3,42.2,4.1,3.6
PLR-0181,Evan Henderson,25,NOP,SF,77,50,15.5,19.6,6.7,4.3,1.0,0.4,3.0,3,100.0,97.5,3.3,1.3
PLR-0182,Tari Reves,24,OKC,PF,50,36,36.7,20.3,9.6,1.6,0.8,0.5,2.4,5,48.0,76.7,3.5,2.9
PLR-0183,Darius Jones,32,MEM,C,50,35,27.8,10.9,10.8,1.2,0.7,1.7,1.0,6,16.7,100.0,3.6,2.9
PLR-0184,Mason McDaniels,38,MEM,SF,52,45,22.8,26.9,5.8,3.5,1.3,0.5,2.1,12,17.5,98.3,1.0,1.1
PLR-0185,Donovan Washington,20,PHI,SG,65,52,20.6,22.7,3.9,5.6,1.2,0.1,5.3,9,58.9,100.0,2.0,3.2
PLR-0186,Tyrese Tucker,21,MIA,SG,65,57,33.6,19.0,3.9,5.9,1.3,0.3,3.1,9,34.4,100.0,3.6,3.1
PLR-0187,Joel Collins,24,PHI,PG,65,39,37.8,18.0,3.1,7.6,0.6,0.3,1.9,11,17.3,54.3,3.6,2.6
PLR-0188,Isaac Mason,22,NOP,SF,60,35,23.5,15.2,4.8,2.0,1.2,0.6,2.9,8,36.2,43.3,3.5,1.8
PLR-0189,Cason Holmgren,24,MIL,SF,71,48,22.0,24.5,5.8,2.4,0.9,0.7,2.9,8,36.2,100.0,2.9,2.2
PLR-0190,Draymond Williams,38,NYK,PF,73,49,32.7,16.6,9.2,1.2,0.7,0.4,2.5,3,83.3,90.0,2.0,2.8
PLR-0191,Stephen Banchi,32,MEM,SF,67,40,30.3,27.9,5.7,3.8,1.2,0.7,2.4,3,80.0,59.0,1.0,2.7
PLR-0192,Devin Young,31,PHI,PF,45,17,23.4,17.3,8.7,3.0,0.8,0.4,2.6,8,32.5,75.0,4.1,1.4
PLR-0193,Victor Gordon,32,NYK,PF,60,52,21.5,24.5,9.5,3.8,0.9,0.6,1.6,10,16.0,54.0,3.1,2.7
PLR-0194,Mason Korban,30,HOU,PG,49,40,27.9,21.3,6.8,6.6,1.6,0.3,2.7,7,38.6,86.7,3.1,1.7
PLR-0195,Trae Korban,19,DAL,PF,81,59,26.9,18.4,10.5,2.7,0.7,0.5,1.4,7,20.0,100.0,3.1,1.9
PLR-0196,Clint Okogie,26,BOS,PF,55,31,28.7,14.5,8.6,1.1,1.2,1.0,2.6,5,52.0,58.8,1.8,2.3
PLR-0197,Buddy Walker,24,BOS,PF,73,55,14.5,17.6,7.5,3.2,1.0,0.7,1.8,9,20.0,97.5,2.5,1.9
PLR-0198,,32,NOP,C,66,57,12.3,22.9,13.2,1.7,0.4,1.2,0.7,9,7.8,98.0,3.1,1.6
PLR-0199,Jayson Dort,32,PHI,PG,52,24,31.9,20.4,5.7,8.8,1.6,0.1,1.7,12,14.2,78.0,3.2,3.1
PLR-0200,Klay Mason,31,PHI,SF,75,48,19.9,15.3,5.0,3.2,0.8,0.7,2.6,10,26.0,100.0,1.0,3.9
PLR-0201,Dejounte Doncic,21,BKN,SF,51,41,28.5,21.0,6.9,2.2,1.1,0.7,2.9,5,58.0,57.5,2.0,2.2
PLR-0202,Jaren Butler,25,DEN,PG,66,61,33.0,23.5,5.4,9.9,0.6,0.3,3.9,11,35.5,43.3,1.1,2.0
PLR-0203,Clint Korban,36,CHA,SG,51,35,33.3,27.3,2.7,2.3,1.5,0.2,2.6,12,21.7,40.0,3.2,3.7
PLR-0204,Kawhi Caruso,30,PHX,C,50,42,33.0,12.3,9.5,2.2,0.4,2.6,1.2,9,13.3,100.0,1.3,1.0
PLR-0205,Jimmy Collins,25,CHI,SG,45,32,28.1,25.5,3.6,3.6,1.7,0.2,4.7,5,94.0,100.0,3.7,2.0
PLR-0206,Kyrie McDaniels,35,SAS,SG,63,39,35.1,22.4,3.9,2.8,0.6,0.0,4.0,10,40.0,95.0,1.2,2.9
PLR-0207,Giannis Kornher,21,CLE,PF,53,24,14.9,20.2,6.3,2.3,0.7,0.7,1.1,8,13.8,84.0,4.4,1.6
PLR-0208,Cade Kornher,29,ATL,SG,58,46,31.0,30.0,3.8,5.2,1.3,0.2,5.1,11,46.4,96.7,2.8,3.6
PLR-0209,Maxi Embiid,29,MIA,PF,70,55,24.9,20.1,10.5,2.8,0.6,0.7,0.9,3,30.0,51.1,2.8,2.3
PLR-0210,,32,MIA,SG,70,45,30.3,16.4,2.9,4.6,0.6,0.2,5.1,10,51.0,100.0,2.6,1.4
PLR-0211,Pascal Antetokounmpo,31,CHI,SF,77,77,22.0,21.0,4.9,4.3,1.3,0.6,3.5,6,58.3,100.0,2.2,3.8
PLR-0212,Bam Rivers,30,LAC,SG,58,52,35.3,25.7,4.1,4.2,1.5,0.1,2.8,11,25.5,45.6,3.6,3.6
PLR-0213,Kawhi Antetokounmpo,32,CLE,C,59,44,21.2,14.8,11.9,1.7,0.6,2.4,0.7,10,7.0,100.0,2.1,3.4
PLR-0214,Jericho Rivers,24,LAC,C,58,45,15.8,14.0,13.8,2.7,0.6,2.3,0.2,6,3.3,61.4,2.5,2.1
PLR-0215,Omer Washington,36,PHI,SF,75,73,15.8,14.8,4.1,4.8,1.3,0.8,1.5,5,30.0,59.0,2.2,3.1
PLR-0216,Goga Kornher,33,DEN,SF,57,45,12.6,23.3,6.2,4.7,0.9,0.6,3.0,9,33.3,76.0,1.3,1.2
PLR-0217,Cason Doncic,21,DEN,C,67,46,30.9,15.5,10.9,2.2,0.6,1.1,0.2,9,2.2,43.8,2.3,1.9
PLR-0218,Evan Dort,33,CHA,SF,66,38,12.2,15.5,6.2,4.7,1.3,0.5,1.7,12,14.2,64.0,4.5,2.6
PLR-0219,Paul Ebiere,24,UTA,C,74,51,28.6,27.9,11.4,2.8,0.4,2.7,0.1,10,1.0,88.3,2.1,2.7
PLR-0220,Pascal Reves,28,POR,PF,75,67,27.0,14.5,10.5,2.9,0.5,0.8,2.1,4,52.5,57.1,3.0,3.6
PLR-0221,Omer Holmgren,20,NOP,SG,56,50,20.4,19.8,4.6,2.5,0.7,0.1,2.6,8,32.5,56.7,4.3,2.5
PLR-0222,Clint Lowry,28,SAS,SF,58,32,35.3,23.3,6.1,2.3,1.2,0.7,2.2,11,20.0,40.0,4.2,1.5
PLR-0223,Goga Clark,,MIN,PG,47,23,27.4,15.6,6.4,7.1,0.8,0.1,2.6,4,65.0,40.0,3.7,3.3
PLR-0224,Luka Rivers,22,MIL,SG,63,50,15.0,29.0,4.9,3.7,1.2,0.2,2.9,8,36.2,100.0,2.7,2.1
PLR-0225,Goga Chiozza,37,LAL,PG,82,70,21.3,23.9,6.6,7.3,1.0,0.1,1.8,9,20.0,40.0,2.0,3.1
PLR-0226,Draymond Booker,34,HOU,C,56,38,28.2,13.9,12.6,1.2,0.4,2.0,0.0,5,0.0,100.0,2.7,1.1
PLR-0227,Tyler Marjon,35,BOS,PF,73,53,12.9,23.1,7.0,3.0,0.8,0.5,2.0,11,18.2,100.0,4.1,1.4
PLR-0228,Cade Clark,29,SAC,SF,70,48,26.2,14.0,6.4,3.4,0.9,0.7,2.8,7,40.0,61.7,2.9,1.6
PLR-0229,Tyrese Booker,35,POR,SG,57,38,29.8,24.4,2.6,5.8,1.5,0.2,4.9,11,44.5,60.0,3.5,1.2
PLR-0230,LaMelo Wembanyama,29,ORL,PG,64,48,35.5,22.1,6.4,8.1,0.9,0.1,2.5,6,41.7,46.7,1.1,3.4
PLR-0231,Jericho Doncic,19,LAL,SF,71,69,36.5,24.8,4.8,3.7,1.3,0.3,1.6,3,53.3,100.0,2.0,1.2
PLR-0232,Domantas Banchi,22,ORB,C,66,62,23.0,20.3,13.6,2.0,0.7,2.9,0.7,7,10.0,100.0,1.4,3.4
PLR-0233,Jordan Williams,27,ATL,PF,68,53,28.8,17.7,10.3,1.2,0.9,0.8,1.7,11,15.5,100.0,4.1,3.8
PLR-0234,Jalen Reves,33,CHA,SF,51,47,21.1,26.2,6.3,3.2,0.8,0.7,2.7,10,27.0,71.2,2.2,2.3
PLR-0235,Clint Chiozza,29,SAC,PF,78,70,15.4,21.7,9.8,2.9,0.6,0.6,1.7,3,56.7,51.7,1.3,1.5
PLR-0236,Jimmy Azubuike,33,PHX,SG,74,70,17.3,18.7,4.6,2.2,1.3,0.2,3.0,8,37.5,50.0,2.8,3.3
PLR-0237,Tyrese Tucker,27,NYK,SF,60,49,29.8,24.2,5.1,3.3,0.9,0.4,2.5,6,41.7,65.0,1.1,3.9
PLR-0238,Darius Clark,,SAS,SG,75,74,27.6,29.7,4.9,3.6,0.8,0.2,3.3,12,27.5,100.0,1.2,3.8
PLR-0239,Buddy Wembanyama,27,CLE,C,53,25,18.8,18.7,9.8,1.8,0.5,2.9,0.3,12,2.5,100.0,4.3,3.6
PLR-0240,Jericho Ebiere,34,SAS,SF,54,41,23.4,24.2,6.8,2.8,1.4,0.6,2.8,7,40.0,70.0,2.1,4.0
PLR-0241,Yves Butler,27,LAL,C,46,25,21.7,22.5,11.5,2.2,0.8,2.1,1.4,9,15.6,100.0,3.4,3.7
PLR-0242,Giannis Chiozza,29,HOU,SG,81,55,20.4,14.5,3.4,4.8,1.1,0.3,3.0,3,100.0,100.0,4.3,2.0
PLR-0243,KZ Walker,22,PHX,SF,66,50,16.0,20.7,5.5,4.7,1.1,0.6,3.5,9,38.9,92.5,2.5,1.1
PLR-0244,Jericho LaPonte,27,OKC,SF,82,75,33.0,16.8,4.2,3.5,0.9,0.6,3.6,5,72.0,100.0,4.1,1.9
PLR-0245,Isaac Tucker,24,PHX,SG,76,55,29.5,17.3,4.2,4.4,1.6,0.0,3.0,3,100.0,100.0,2.7,3.1
PLR-0246,Jabari Marjon,28,CLE,PG,79,55,24.3,14.0,3.1,6.9,0.5,0.5,2.7,6,45.0,72.5,2.5,2.9
PLR-0247,Evan Ferguson,23,POR,PF,71,68,26.4,25.5,8.4,3.6,0.9,0.4,0.9,9,10.0,100.0,4.0,2.3
PLR-0248,KZ Okogie,34,MIA,C,75,48,30.1,18.3,11.7,2.4,0.7,2.0,0.0,11,0.0,60.0,1.9,2.9
PLR-0249,Shai McDaniels,25,DEN,PF,68,63,19.3,16.8,7.2,1.7,1.1,0.5,1.1,10,11.0,75.0,2.4,2.3
PLR-0250,Scottie Adams,23,SAS,SG,56,52,13.7,17.6,3.8,2.4,1.0,0.4,4.2,6,70.0,100.0,1.9,3.0
PLR-0251,Clint Butler,22,CHI,C,73,68,32.3,13.1,9.5,1.7,0.5,1.1,1.3,7,18.6,44.0,1.4,1.2
PLR-0252,Jimmy Lowry,22,MIA,C,68,48,37.2,10.6,8.6,2.3,0.7,2.8,1.1,7,15.7,40.0,4.0,1.5
PLR-0253,Immanuel Clark,33,BKN,SG,81,52,25.5,27.9,4.2,4.1,0.6,0.1,3.8,5,76.0,52.5,3.3,2.9
PLR-0254,Mason Chiozza,36,LAL,SF,73,65,32.2,23.8,4.9,3.0,1.4,0.8,3.3,5,66.0,51.1,4.1,2.9
PLR-0255,Luka Antetokounmpo,28,MEM,SF,72,68,35.1,23.0,6.4,3.7,0.9,0.5,2.3,4,57.5,100.0,2.3,1.3
PLR-0256,Cade Tatum,30,PHX,C,77,51,25.3,15.6,11.4,2.6,0.7,2.2,1.0,10,10.0,54.4,2.5,1.5
PLR-0257,Darius Tatum,28,SAC,SF,75,71,15.6,16.2,6.5,3.5,0.9,0.5,2.7,9,30.0,71.7,4.2,3.3
PLR-0258,Stephen Washington,33,ORL,SG,50,47,32.7,29.6,3.0,5.2,1.4,0.2,3.5,9,38.9,100.0,4.1,3.2
PLR-0259,Tyrese Korban,22,MIA,C,46,24,14.2,11.2,13.7,2.1,0.7,2.9,0.8,10,8.0,100.0,4.3,1.5
PLR-0260,Devin Williams,37,MEM,PG,56,34,29.6,19.9,6.7,8.7,0.8,0.0,2.1,9,23.3,100.0,2.9,1.9
PLR-0261,Paolo Antetokounmpo,24,IND,PG,77,59,24.1,23.4,4.2,6.8,0.7,0.4,1.6,4,40.0,66.0,3.1,2.5
PLR-0262,Luka Chiozza,29,ORL,SG,76,70,14.0,22.3,3.8,2.1,1.4,0.3,2.5,10,25.0,100.0,2.4,3.7
PLR-0263,Immanuel Okogie,33,DEN,PG,46,40,14.3,17.6,6.3,12.6,1.0,0.1,1.8,3,60.0,54.3,2.6,1.7
PLR-0264,Cade James,21,MEM,C,61,52,28.7,11.8,8.4,1.5,0.6,1.5,0.3,7,4.3,100.0,3.4,2.6
PLR-0265,Kyrie Doncic,29,BKN,PF,65,35,26.9,23.8,8.0,1.4,0.9,0.6,2.7,3,90.0,44.0,4.2,2.6
PLR-0266,Kyrie Collins,32,SAS,PG,66,62,18.2,26.7,3.8,8.6,0.6,0.3,3.5,9,38.9,50.0,1.9,2.4
PLR-0267,Giannis Bridges,33,BOS,PG,72,44,19.7,22.0,5.3,6.7,0.6,0.0,3.5,4,87.5,100.0,2.5,1.9
PLR-0268,Joel Embiid,32,ATL,SG,78,58,27.5,29.6,4.4,4.5,1.1,0.2,4.4,12,36.7,54.3,3.4,1.1
PLR-0269,Jalen Booker,25,CLE,C,67,46,24.2,11.8,11.1,1.7,0.5,2.2,1.2,5,24.0,100.0,3.0,2.5
PLR-0270,Maxi Marjon,19,OKC,C,57,48,30.0,18.2,12.1,1.1,0.6,2.7,0.5,9,5.6,92.0,1.7,1.2
PLR-0271,,29,DAL,C,66,61,33.5,14.2,10.0,1.2,0.7,2.8,1.0,3,33.3,78.0,1.7,2.4
PLR-0272,Tyrese Alexander,,DEN,SF,56,36,12.6,13.5,4.3,2.9,0.9,0.6,3.0,3,100.0,56.0,1.6,3.7
PLR-0273,Jayson Lowry,19,DEN,SG,49,22,25.8,20.8,4.4,2.4,1.7,0.1,4.5,8,56.2,49.0,4.5,3.6
PLR-0274,Goga Cunningham,32,SAS,SG,76,52,29.3,30.6,4.3,4.3,1.6,0.1,2.7,6,45.0,76.7,4.0,3.9
PLR-0275,Tyler Banchi,35,LAL,SF,58,35,17.7,20.5,5.4,3.0,1.1,0.6,2.7,10,27.0,57.5,3.8,2.9
PLR-0276,Stephen Alexander,24,MIA,SF,76,56,18.1,16.8,4.3,4.3,1.0,0.6,2.7,3,90.0,52.9,2.6,2.2
PLR-0277,Bam Hernangomez,36,MIL,SF,54,51,18.1,13.1,4.9,4.5,1.3,0.5,3.4,12,28.3,100.0,2.8,3.3
PLR-0278,Domantas Hernangomez,32,LAL,PF,81,78,13.7,22.7,9.5,1.9,0.9,0.7,1.1,5,22.0,57.1,3.8,3.7
PLR-0279,Buddy Jokic,29,MIA,C,58,35,13.5,23.5,11.8,1.6,0.4,2.3,0.7,12,5.8,70.0,4.2,2.2
PLR-0280,Paul Korban,32,DEN,PF,55,44,25.1,14.2,6.6,2.6,0.8,0.3,1.1,6,18.3,62.0,3.9,3.0
PLR-0281,Immanuel Williams,19,LAL,SG,74,55,27.9,22.0,4.5,4.4,0.8,0.1,3.9,10,39.0,100.0,2.0,3.6
PLR-0282,Nikola Henderson,26,POR,SG,79,58,30.8,30.2,4.2,3.8,1.7,0.1,4.6,9,51.1,100.0,4.0,1.8
PLR-0283,Jaren Lowry,36,LAL,PG,74,56,13.0,27.9,3.3,6.8,1.6,0.2,2.0,7,28.6,100.0,1.3,3.1
PLR-0284,Jalen Giddey,23,DAL,SF,51,26,14.0,23.1,5.4,3.4,0.9,0.6,1.9,10,19.0,90.0,1.6,1.1
PLR-0285,Jabari Lowry,23,ORB,PF,45,16,18.5,17.0,7.1,1.1,1.0,0.5,2.2,11,20.0,100.0,2.1,1.2
PLR-0286,Damian McDaniels,19,DEN,PF,65,45,36.3,12.4,6.1,3.5,1.0,0.3,2.6,4,65.0,100.0,1.2,2.5
PLR-0287,Darius Young,26,CHI,SG,58,41,30.5,15.9,3.0,2.1,1.4,0.0,2.7,6,45.0,63.3,2.3,1.2
PLR-0288,Tyler Dort,37,MIN,SG,46,35,28.7,18.5,2.3,3.3,1.3,0.2,3.5,5,70.0,70.0,3.3,1.2
PLR-0289,Darius LaPonte,19,POR,SG,47,24,34.8,14.4,4.3,2.5,0.8,0.2,2.7,4,67.5,45.7,1.7,2.1
PLR-0290,Tyrese Wembanyama,,DAL,PF,64,39,27.8,13.0,7.0,2.9,0.6,0.4,2.0,12,16.7,56.0,1.3,3.2
PLR-0291,Luka Williams,25,OKC,SF,46,40,26.0,25.9,5.4,4.9,1.1,0.5,2.8,9,31.1,62.5,3.9,3.4
PLR-0292,Victor Giddey,31,POR,PF,68,53,21.7,16.3,7.4,2.7,0.8,0.5,1.1,6,18.3,40.0,4.0,3.2
PLR-0293,Shai Young,32,ATL,SF,70,62,14.5,23.4,5.5,3.6,1.4,0.6,1.8,4,45.0,75.7,1.9,1.6
PLR-0294,Victor LaPonte,32,ORL,SF,57,35,35.7,24.0,4.5,3.1,1.3,0.4,2.6,4,65.0,54.0,1.2,1.5
PLR-0295,Goga James,21,LAL,SF,47,20,27.7,14.3,4.4,2.2,0.8,0.4,1.5,4,37.5,83.3,1.0,2.7
PLR-0296,Cade Henderson,34,LAL,PF,66,61,30.9,22.6,9.0,2.0,1.0,0.5,2.9,6,48.3,41.2,1.2,2.1
PLR-0297,Scottie Adams,31,CLE,C,81,76,24.9,21.1,10.1,2.9,0.8,2.0,1.1,4,27.5,73.3,3.5,3.6
PLR-0298,Jericho Cunningham,36,BKN,PF,62,39,29.4,14.4,8.2,1.3,1.0,0.5,1.0,4,25.0,100.0,4.3,3.7
PLR-0299,Scottie Henderson,22,CHI,PF,47,36,19.1,12.1,10.3,1.9,1.1,0.5,1.1,10,11.0,41.7,3.3,3.4
PLR-0300,Jericho Holmgren,25,ATL,PF,70,49,26.2,16.1,10.8,1.2,1.1,0.4,2.3,6,38.3,100.0,3.7,3.6
PLR-0301,Jarrett Tatum,30,MIA,PF,64,48,30.1,17.5,8.6,1.8,1.0,0.4,1.0,9,11.1,65.7,3.0,3.4
PLR-0302,Giannis Butler,25,MIN,SG,67,52,28.9,27.2,2.0,4.9,1.2,0.3,3.6,5,72.0,48.8,1.6,1.2
PLR-0303,Pascal James,31,CHI,SG,62,52,15.0,14.6,2.7,4.0,1.4,0.4,4.8,9,53.3,100.0,4.0,3.0
PLR-0304,Jimmy Adams,35,CLE,PF,80,64,27.0,12.9,10.2,2.6,1.1,0.8,2.9,6,48.3,86.7,3.1,1.5
PLR-0305,Dejounte Henderson,27,IND,PG,79,63,25.6,13.4,3.5,8.4,1.9,0.1,2.1,3,70.0,100.0,2.8,3.3
PLR-0306,Jimmy Gordon,21,CHI,SF,72,54,29.8,38.0,6.8,2.4,0.9,0.6,3.3,6,55.0,44.0,2.5,1.5
PLR-0307,Dejounte Embiid,21,MIN,SF,64,52,21.1,26.6,6.3,2.4,1.4,0.4,2.4,6,40.0,100.0,1.4,2.6
PLR-0308,Jayson Booker,27,LAL,C,77,69,26.8,11.4,8.3,1.6,0.7,1.4,0.8,11,7.3,48.8,1.4,1.0
PLR-0309,Luka Williams,30,MEM,SG,59,38,32.0,26.2,3.3,3.8,1.1,0.1,3.3,7,47.1,41.2,3.5,3.8
PLR-0310,,21,PHX,SG,76,62,15.2,31.0,2.5,2.2,1.5,0.2,3.0,3,100.0,48.8,4.3,1.4
PLR-0311,Nikola Tucker,19,UTA,PF,78,76,15.5,21.8,9.7,1.7,1.0,1.0,2.3,11,20.9,100.0,4.4,3.0
PLR-0312,,33,CHI,C,57,29,35.7,21.9,8.3,1.0,0.5,1.6,1.3,8,16.2,90.0,1.0,2.3
PLR-0313,Aaron Dort,32,CLE,SF,70,56,14.9,26.5,4.5,2.6,1.1,0.6,2.7,9,30.0,57.8,3.5,2.0
PLR-0314,Tari Reves,,DAL,SG,72,49,18.5,20.2,2.0,4.7,0.6,0.3,4.7,12,39.2,40.0,2.0,1.2
PLR-0315,Stephen McDaniels,26,DEN,PF,57,56,14.4,14.8,9.5,3.4,1.0,0.7,2.2,12,18.3,70.0,1.5,1.1
PLR-0316,Trae Kornher,28,ORB,SG,56,27,27.8,18.0,6.4,2.2,1.1,0.0,3.3,8,41.2,57.1,1.9,3.7
PLR-0317,Evan Dort,34,CHA,SF,60,50,35.1,18.0,4.3,4.0,1.3,0.7,3.4,8,42.5,71.4,3.1,2.8
PLR-0318,Goga Henderson,36,DEN,SF,47,47,31.3,26.4,5.3,4.2,1.4,0.3,3.5,11,31.8,100.0,3.4,1.4
PLR-0319,Tari Collins,35,GSW,PG,77,61,19.9,14.6,6.0,9.1,1.7,0.2,1.5,5,30.0,56.0,1.0,3.8
PLR-0320,Pascal Rivers,36,CHA,PG,79,52,36.6,14.7,7.2,7.9,0.6,0.1,2.2,5,44.0,100.0,1.9,3.5
PLR-0321,Maxi Dort,23,ORL,PF,82,55,18.7,24.6,7.5,4.0,0.9,0.3,1.2,7,17.1,100.0,4.4,3.3
PLR-0322,Anthony Lowry,25,NYK,PF,56,40,24.8,15.1,7.3,2.7,1.1,0.8,2.4,6,40.0,41.2,4.2,1.3
PLR-0323,Shai Williams,20,IND,SG,81,79,24.5,18.5,2.3,2.6,1.3,0.0,4.0,4,100.0,64.3,1.3,1.4
PLR-0324,Yves Dort,27,PHI,C,63,40,35.0,11.7,12.9,1.2,0.4,2.0,0.0,5,0.0,42.0,2.5,1.4
PLR-0325,Trae Jokic,22,CHI,SF,73,66,27.0,26.7,6.0,4.8,1.4,0.7,3.0,3,100.0,100.0,1.5,1.4
PLR-0326,Klay Tucker,31,WAS,PG,53,52,34.1,21.3,4.7,10.6,1.5,0.4,2.4,6,40.0,80.0,1.1,2.7
PLR-0327,Jericho Korban,33,CHA,SG,68,39,24.4,29.0,3.7,5.7,1.0,0.1,2.9,5,58.0,70.0,1.1,3.9
PLR-0328,Maxi James,23,HOU,SF,66,50,14.9,15.1,4.7,2.0,1.4,0.5,3.4,10,34.0,48.0,2.0,2.2
PLR-0329,Kyrie Curry,24,DET,C,49,30,19.3,18.5,8.5,2.4,0.5,2.3,0.2,9,2.2,65.7,1.7,1.3
PLR-0330,Luka Ebiere,30,CHA,SG,55,29,36.8,26.6,2.3,3.6,1.5,0.0,2.6,5,52.0,40.0,4.0,1.1
PLR-0331,Isaac Rivers,34,LAC,SF,73,54,14.2,24.4,5.3,4.8,1.5,0.8,3.6,8,45.0,45.0,3.2,3.0
PLR-0332,Cade Marjon,20,ORL,C,74,65,25.9,23.7,8.3,2.6,0.6,2.1,0.4,4,10.0,100.0,4.0,1.7
PLR-0333,Victor Collins,20,DEN,SF,64,61,29.4,24.8,6.9,2.6,0.9,0.3,2.2,9,24.4,57.5,1.2,2.2
PLR-0334,Darius Lowry,21,CHA,PF,45,32,30.8,16.8,9.8,1.5,0.7,0.6,2.9,5,58.0,40.0,3.4,2.2
PLR-0335,Joel Adams,29,DEN,PG,73,63,31.4,14.4,4.8,7.2,1.8,0.1,2.2,9,24.4,100.0,4.3,3.6
PLR-0336,Klay Gordon,24,MEM,C,74,57,25.6,15.3,10.1,2.9,0.8,2.2,0.0,8,0.0,66.7,4.0,3.1
PLR-0337,Joel Young,24,POR,PF,46,35,31.5,18.0,6.9,2.8,0.9,0.6,2.2,9,24.4,100.0,3.8,1.3
PLR-0338,KZ Giddey,33,ATL,C,74,57,36.4,18.1,8.2,1.6,0.5,1.4,0.2,9,2.2,64.4,2.2,3.4
PLR-0339,Jarrett Wembanyama,27,DET,SF,65,45,26.4,17.6,6.7,4.7,1.3,0.3,1.5,3,50.0,100.0,3.9,2.6
PLR-0340,Klay Alexander,29,DET,SG,74,64,29.0,15.7,2.1,2.0,1.5,0.1,5.3,11,48.2,100.0,1.1,3.2
PLR-0341,Luka Jokic,26,MIL,PF,63,41,34.0,22.8,9.3,1.8,1.2,0.7,2.7,12,22.5,100.0,3.1,1.3
PLR-0342,Darius Adams,22,CHI,PF,56,47,37.4,23.1,8.1,2.5,0.9,0.4,2.2,8,27.5,53.3,1.6,1.0
PLR-0343,Luka Henderson,38,CLE,C,46,26,19.0,17.7,9.0,2.5,0.8,1.4,0.8,3,26.7,72.5,2.3,3.7
PLR-0344,Donovan Young,30,MEM,C,82,61,35.0,19.1,10.8,2.6,0.5,2.9,0.3,7,4.3,96.7,1.4,3.4
PLR-0345,Jimmy Alexander,29,SAS,C,78,59,20.4,11.5,10.3,1.4,0.5,2.8,0.3,10,3.0,100.0,1.9,2.2
PLR-0346,Cason Kornher,21,PHX,SG,58,44,27.8,25.8,3.1,5.1,0.7,0.1,3.1,8,38.8,65.7,3.0,2.2
PLR-0347,Jarrett Curry,21,HOU,C,65,53,12.5,22.5,10.5,2.5,0.5,1.6,0.7,10,7.0,61.7,1.4,1.5
PLR-0348,Luka Bridges,19,SAC,PF,65,59,20.1,16.0,10.2,2.2,1.1,0.9,1.0,3,33.3,100.0,2.5,1.9
PLR-0349,Damian Tucker,33,UTA,PF,72,49,35.5,23.9,10.8,1.4,0.8,0.7,2.6,3,86.7,60.0,2.1,3.1
PLR-0350,Evan Caruso,20,ORL,SF,65,62,23.6,26.2,4.1,2.1,1.0,0.4,2.2,9,24.4,100.0,3.0,1.4
PLR-0351,Dejounte Antetokounmpo,37,DEN,PF,58,50,12.3,21.3,10.9,2.0,1.0,0.5,2.4,7,34.3,57.1,4.1,3.0
PLR-0352,Isaac Reves,25,DEN,PF,68,50,32.3,13.5,7.0,2.8,0.9,0.9,2.4,7,34.3,100.0,1.4,1.4
PLR-0353,Cason Doncic,24,LAC,SF,67,45,23.2,27.3,5.7,2.3,1.1,0.4,3.0,3,100.0,77.5,2.7,2.6
PLR-0354,KZ Banchi,35,CHI,SF,72,45,17.7,13.8,4.8,2.3,1.3,0.7,2.0,7,28.6,100.0,2.9,2.5
PLR-0355,Tari James,27,CHI,SG,63,55,16.8,15.2,2.3,2.9,1.3,0.3,3.2,4,80.0,53.3,1.6,1.6
PLR-0356,Trae Korban,28,ATL,SG,45,34,24.7,17.1,4.0,2.7,0.9,0.2,3.8,10,38.0,100.0,1.9,1.2
PLR-0357,Pascal Marjon,19,ATL,C,61,52,33.5,19.5,9.7,1.5,0.6,2.5,0.5,4,12.5,54.3,3.6,4.0
PLR-0358,Luka Lowry,35,ORB,C,72,53,36.8,16.8,9.6,2.0,0.6,1.3,1.0,6,16.7,85.0,1.1,2.7
PLR-0359,LaMelo Marjon,36,NYK,PF,66,62,37.2,25.8,10.4,1.5,1.1,0.5,1.7,12,14.2,51.7,1.1,2.6
PLR-0360,Luka Williams,32,NYK,PF,80,56,36.1,25.5,6.5,1.8,0.7,0.5,2.6,8,32.5,100.0,1.7,1.4
PLR-0361,Maxi Lowry,20,CHI,PG,45,40,13.7,23.8,5.7,11.9,0.6,0.1,1.8,10,18.0,47.5,2.1,4.0
PLR-0362,Jimmy Wembanyama,35,CLE,PG,73,70,28.5,16.0,3.4,6.2,1.3,0.2,2.5,7,35.7,87.5,3.9,2.6
PLR-0363,Stephen Jones,26,MIA,SG,71,67,15.1,23.2,4.1,2.8,1.1,0.1,4.0,12,33.3,48.3,3.4,1.3
PLR-0364,Anthony Chiozza,20,CLE,C,78,60,21.1,16.2,13.4,1.7,0.4,2.8,1.5,3,50.0,57.1,4.0,1.6
PLR-0365,Draymond Korban,23,NYK,SF,78,56,21.1,24.8,6.0,4.8,0.8,0.7,3.0,10,30.0,100.0,4.2,3.3
PLR-0366,Donovan Washington,21,UTA,C,78,63,24.3,10.3,13.8,1.2,0.3,1.3,0.9,9,10.0,100.0,3.4,3.9
PLR-0367,Kawhi Diabate,36,LAL,SG,46,23,30.3,28.4,3.3,4.5,1.6,0.2,3.4,11,30.9,100.0,1.2,2.6
PLR-0368,Jalen Lowry,28,IND,PG,46,17,35.1,20.6,4.0,10.1,1.4,0.2,3.2,11,29.1,90.0,4.3,4.0
PLR-0369,Jayson Kornher,29,POR,PG,50,48,13.1,15.8,3.3,13.6,1.9,0.4,2.4,3,80.0,100.0,3.1,2.8
PLR-0370,Maxi Tatum,30,MEM,PF,48,30,30.2,18.7,9.9,3.6,0.7,1.0,2.0,6,33.3,55.0,3.6,2.7
PLR-0371,LeBron Banchi,22,UTA,C,81,52,13.5,23.8,10.2,1.4,0.5,1.1,0.0,12,0.0,62.5,4.1,3.4
PLR-0372,Bam LaPonte,28,PHX,PG,67,65,19.9,17.0,5.4,13.1,2.0,0.1,3.1,4,77.5,60.0,2.9,2.5
PLR-0373,Donovan Butler,26,LAC,C,59,38,30.8,22.5,9.9,2.1,0.4,1.7,0.7,12,5.8,93.3,1.5,3.9
PLR-0374,Tyler Adams,26,DET,PF,46,43,17.3,21.1,8.3,1.3,0.8,0.3,1.5,9,16.7,73.3,4.0,2.2
PLR-0375,Tari Antetokounmpo,20,SAS,SF,72,69,14.8,13.5,6.3,4.8,1.4,0.7,3.5,7,50.0,100.0,2.2,3.5
PLR-0376,Kyrie Washington,28,LAL,C,60,54,13.0,16.5,11.4,2.1,0.6,1.3,0.2,6,3.3,100.0,3.4,1.8
PLR-0377,Draymond Adams,21,NOP,PF,77,74,30.7,14.5,9.8,1.8,1.1,0.4,2.7,5,54.0,100.0,3.3,1.6
PLR-0378,Donovan Rivers,23,MIN,PG,82,52,30.6,17.2,6.2,8.7,1.1,0.3,3.1,7,44.3,52.5,2.0,1.5
PLR-0379,Buddy Antetokounmpo,30,OKC,SG,71,58,24.3,20.8,3.7,4.6,0.7,0.3,4.0,4,100.0,70.0,4.5,2.9
PLR-0380,Cason Reves,27,CHA,SG,71,52,35.8,29.0,2.9,3.0,0.8,0.3,3.4,10,34.0,100.0,2.6,3.9
PLR-0381,Devin Washington,33,MIL,PF,71,54,28.4,15.2,10.1,4.0,1.1,0.5,2.3,12,19.2,80.0,2.2,1.4
PLR-0382,LaMelo Okogie,33,CLE,PG,78,77,22.5,14.7,4.7,12.1,1.6,0.2,3.0,3,100.0,100.0,4.5,1.4
PLR-0383,Anthony Korban,22,ORB,SF,75,67,33.3,26.5,6.7,3.8,1.2,0.8,3.9,8,48.8,56.2,3.6,2.3
PLR-0384,Scottie Wembanyama,19,HOU,C,78,76,20.4,18.3,12.0,1.9,0.5,1.4,1.4,7,20.0,96.7,2.7,1.1
PLR-0385,Tari Jokic,33,IND,SF,50,43,16.1,26.8,6.1,4.8,0.9,0.7,3.7,4,92.5,81.7,1.4,2.1
PLR-0386,Isaac Dort,34,ORL,SG,47,30,27.2,27.2,2.8,2.8,1.6,0.4,2.5,6,41.7,100.0,3.1,3.1
PLR-0387,Draymond Banchi,24,PHI,SF,63,46,23.0,25.6,6.6,4.0,1.1,0.6,2.7,11,24.5,96.7,4.4,3.7
PLR-0388,Draymond Diabate,22,PHI,SF,71,42,20.3,23.5,6.1,4.3,1.1,0.7,3.2,9,35.6,100.0,2.8,3.7
PLR-0389,Stephen Curry,31,SAS,SF,66,40,21.9,26.7,4.8,4.2,1.0,0.7,2.1,9,23.3,100.0,3.7,1.3
PLR-0390,Tyrese James,30,BOS,C,71,47,34.0,10.9,8.3,1.4,0.6,3.0,1.3,9,14.4,64.0,1.6,2.1
PLR-0391,Nikola Reves,35,POR,PF,62,59,30.3,23.1,6.2,1.8,0.5,0.7,1.4,3,46.7,100.0,2.3,2.2
PLR-0392,KZ Washington,,MIL,C,57,30,21.8,18.5,8.9,2.5,0.7,1.4,1.2,7,17.1,50.0,1.1,1.8
PLR-0393,Tyler Tucker,32,MIL,C,46,28,26.6,13.9,9.7,2.4,0.6,1.8,1.4,9,15.6,49.0,2.6,2.7
PLR-0394,Tyler Butler,27,BOS,SG,53,47,35.0,46.9,4.4,4.2,0.9,0.3,4.0,10,40.0,100.0,2.5,1.2
PLR-0395,Immanuel Tucker,35,MIN,PF,58,53,27.7,14.0,10.4,2.3,0.5,0.4,1.9,7,27.1,57.1,1.6,1.9
PLR-0396,Darius Holmgren,29,CHA,SG,51,22,21.1,17.0,4.1,3.9,0.9,0.1,3.0,3,100.0,44.0,1.3,2.4
PLR-0397,Buddy Rivers,29,MIN,PG,75,56,14.0,26.3,3.2,10.1,1.2,0.3,3.4,11,30.9,54.0,2.3,2.2
PLR-0398,KZ Cunningham,31,LAL,SF,62,33,13.1,15.7,6.2,2.0,1.1,0.6,2.3,7,32.9,81.4,2.8,1.0
PLR-0399,Jayson Doncic,20,MEM,C,54,46,33.7,21.5,13.2,2.9,0.8,2.3,1.1,10,11.0,52.0,1.1,1.1
PLR-0400,Jaren Caruso,20,UTA,SF,78,48,29.4,14.5,5.6,5.0,0.9,0.6,3.7,8,46.2,100.0,3.1,3.8
PLR-0401,Luka Washington,35,ORB,SG,74,62,24.0,27.1,2.3,3.8,0.9,0.1,4.4,5,88.0,100.0,3.0,1.4
PLR-0402,Jayson Williams,21,BOS,SG,57,50,21.9,19.7,3.9,2.1,0.7,0.0,2.7,10,27.0,52.0,3.4,3.8
PLR-0403,Donovan Marjon,23,GSW,C,77,71,12.8,18.0,14.0,1.9,0.6,2.4,1.0,8,12.5,42.0,3.6,1.8
PLR-0404,Paul Holmgren,24,MIA,PF,51,26,26.2,14.0,8.9,2.1,0.8,0.7,2.2,4,55.0,100.0,2.7,2.0
PLR-0405,Devin Okogie,,MIA,C,50,29,22.3,12.3,9.8,2.2,0.6,2.0,1.1,12,9.2,100.0,3.8,1.2
PLR-0406,Jordan Cunningham,35,BOS,PG,63,42,18.8,21.8,6.0,13.3,1.5,0.1,2.3,6,38.3,66.7,3.3,2.3
PLR-0407,Jaren Wembanyama,31,SAC,C,76,66,13.4,21.7,10.8,1.2,0.6,1.2,0.2,3,6.7,100.0,2.3,2.4
PLR-0408,Jordan McDaniels,22,POR,C,50,24,34.7,21.3,26.0,2.0,0.7,2.4,0.2,8,2.5,100.0,2.9,2.2
PLR-0409,Saddiq Adams,20,OKC,PG,46,30,14.9,25.9,4.8,6.4,1.4,0.2,3.4,7,48.6,100.0,1.6,2.1
PLR-0410,Nikola Rivers,31,LAC,SG,78,66,13.0,17.2,3.6,2.5,0.7,0.2,5.4,8,67.5,94.0,4.2,3.8
PLR-0411,Damian Washington,22,GSW,PF,72,72,37.9,19.2,9.6,2.0,0.9,0.5,2.9,5,58.0,75.0,3.6,1.2
PLR-0412,Stephen Caruso,26,PHI,PG,62,32,15.4,18.0,4.9,12.1,1.2,0.4,2.8,7,40.0,100.0,4.2,3.0
PLR-0413,Donovan Butler,24,NYK,C,52,25,19.5,14.9,10.6,3.0,0.3,2.9,1.5,10,15.0,71.2,1.5,2.8
PLR-0414,Kawhi LaPonte,31,DAL,C,70,55,36.0,15.7,12.5,1.8,0.6,1.6,1.0,4,25.0,57.1,2.9,1.7
PLR-0415,Victor Curry,36,IND,SF,50,39,27.9,24.4,6.0,4.1,0.9,0.6,2.5,9,27.8,100.0,1.5,2.9
PLR-0416,Stephen Hernangomez,21,NYK,SF,65,39,24.0,13.3,5.8,4.4,1.1,0.6,2.6,5,52.0,54.0,4.3,3.8
PLR-0417,Nikola Caruso,26,GSW,SG,78,63,35.0,31.5,3.5,2.4,1.3,0.1,3.2,5,64.0,50.0,1.1,3.0
PLR-0418,Omer Korban,38,SAC,C,51,25,32.6,20.0,10.6,2.7,0.3,2.6,0.5,3,16.7,45.0,2.5,3.4
PLR-0419,Paolo Ferguson,29,BOS,SG,73,65,31.8,30.4,4.4,2.8,0.6,0.3,4.8,10,48.0,45.0,3.4,2.0
PLR-0420,Saddiq Azubuike,26,ATL,SF,63,60,34.1,21.5,6.1,2.9,1.3,0.6,3.2,10,32.0,100.0,3.4,1.4
PLR-0421,Damian Tucker,21,PHI,SF,78,76,12.9,16.4,4.6,2.5,1.2,0.7,2.4,6,40.0,47.8,3.2,1.0
PLR-0422,Darius Kornher,22,MIL,C,45,23,28.4,18.3,11.6,1.6,0.3,1.9,1.2,10,12.0,88.0,3.2,3.3
PLR-0423,Nikola Wembanyama,28,PHI,SF,75,60,19.9,17.0,5.6,3.0,1.3,0.6,3.9,4,97.5,100.0,2.1,3.9
PLR-0424,Jaren Holmgren,36,WAS,SG,65,40,16.1,17.5,2.3,2.9,0.9,0.1,2.8,10,28.0,78.3,1.7,3.0
PLR-0425,Jaren Caruso,35,ATL,PF,73,52,31.8,21.1,9.9,3.3,0.7,1.0,1.6,7,22.9,53.3,2.2,3.2
PLR-0426,Donovan McDaniels,30,MIN,SG,80,73,23.4,31.5,4.3,2.1,1.4,0.1,5.0,7,71.4,100.0,3.8,2.0
PLR-0427,Cason Collins,22,UTA,PF,79,73,19.6,13.9,9.7,2.0,1.0,0.6,2.1,5,42.0,80.0,2.5,2.0
PLR-0428,Victor Wembanyama,21,LAL,SF,46,20,33.0,27.4,5.1,4.3,1.3,0.4,2.7,6,45.0,40.0,4.4,1.8
PLR-0429,Shai Reves,20,WAS,C,80,74,34.1,15.2,11.4,3.0,0.8,2.7,0.7,11,6.4,64.3,3.6,2.7
PLR-0430,Kevin Tatum,23,NOP,SF,51,21,21.1,25.8,5.8,4.3,1.2,0.6,3.8,12,31.7,70.0,1.5,1.9
PLR-0431,Scottie Butler,24,MIA,C,77,58,12.4,22.8,12.3,1.2,0.7,1.2,0.5,12,4.2,52.9,1.7,1.3
PLR-0432,Tyrese Alexander,22,NYK,SF,65,36,12.2,18.4,4.9,2.2,1.5,0.6,3.1,4,77.5,68.8,1.1,3.9
PLR-0433,Jimmy Holmgren,34,ATL,PG,56,37,24.9,13.0,6.2,12.9,1.5,0.2,2.5,5,50.0,95.0,4.4,3.2
PLR-0434,Bam Doncic,27,MEM,C,51,21,37.7,14.5,12.7,1.7,0.7,1.1,0.1,9,1.1,63.7,3.5,1.5
PLR-0435,Paolo Tatum,23,IND,SG,78,64,23.0,25.9,4.2,4.9,0.9,0.2,3.1,7,44.3,45.0,4.4,3.0
PLR-0436,Nikola Tucker,27,MEM,C,66,60,28.7,16.2,12.5,2.3,0.6,1.7,0.4,5,8.0,56.7,2.6,1.3
PLR-0437,Yves Azubuike,26,SAC,PF,77,53,12.4,23.6,6.6,3.1,0.6,0.5,3.0,11,27.3,100.0,4.4,1.5
PLR-0438,Immanuel Booker,38,NOP,SG,59,55,36.5,24.1,3.6,2.2,1.2,0.2,3.0,11,27.3,47.5,1.6,2.9
PLR-0439,Jimmy Korban,23,PHI,PF,62,36,15.9,23.5,9.8,3.4,1.2,0.5,1.7,9,18.9,58.0,2.2,1.7
PLR-0440,Kevin Dort,29,UTA,PG,66,64,35.2,22.2,5.1,10.2,1.7,0.3,2.2,10,22.0,86.7,3.1,1.5
PLR-0441,Buddy Adams,31,LAL,PG,73,70,33.1,21.6,5.4,12.3,1.9,0.3,2.4,6,40.0,42.5,3.5,1.1
PLR-0442,Giannis Rivers,19,MIA,SG,60,38,30.2,24.2,2.1,5.8,0.6,0.4,5.0,10,50.0,46.7,3.4,2.1
PLR-0443,Joel Doncic,24,ORL,SG,59,39,22.6,24.1,4.6,4.6,1.5,0.3,5.0,5,100.0,90.0,3.2,3.2
PLR-0444,Jalen Alexander,31,LAL,SG,80,59,28.1,18.8,4.1,3.4,1.5,0.4,3.5,5,70.0,73.3,2.1,2.5
PLR-0445,Paolo Curry,38,MIL,PF,60,47,17.8,23.9,6.7,2.0,0.7,0.4,2.1,7,30.0,100.0,1.8,3.5
PLR-0446,Jarrett Dort,26,POR,PF,78,66,18.8,21.1,7.1,1.0,0.7,0.3,1.7,10,17.0,55.0,1.7,1.6
PLR-0447,Draymond Embiid,27,SAS,PF,77,69,33.5,17.2,10.5,3.8,0.7,0.5,1.5,5,30.0,96.0,3.0,1.3
PLR-0448,Yves Korban,19,IND,C,71,45,34.4,16.9,12.2,2.9,0.8,1.4,1.0,11,9.1,55.0,3.0,3.6
PLR-0449,Jaren Washington,30,PHX,C,52,32,36.7,11.7,13.9,2.2,0.6,2.5,1.5,6,25.0,100.0,1.1,3.8
PLR-0450,Klay Embiid,36,WAS,PG,76,51,29.8,22.9,3.4,6.0,2.0,0.0,1.6,7,22.9,51.4,4.3,1.6
